,ImageId,EncodedPixels,Height,Width,ClassId
5842,0461935888bad18244f11e67e7d3b417.jpg,557478 5 559160 13 560842 19 562524 23 564207 25 565892 25 567576 27 569261 27 570946 27 572630 29 574315 29 576000 30 577685 30 579369 31 581054 32 582739 32 584423 33 586108 34 587793 34 589478 34 591162 35 592847 35 594532 35 596217 35 597901 36 599586 36 601271 36 602955 37 604640 37 606325 37 608010 37 609694 39 611379 39 613064 39 614749 39 616434 39 618118 40 619803 40 621488 40 623173 40 624858 40 626542 41 628227 41 629912 41 631597 41 633281 42 634966 42 636650 43 638335 43 640019 44 641703 45 643388 45 645072 46 646757 46 648441 47 650126 47 651810 48 653495 49 655179 50 656864 50 658548 51 660232 52 661917 52 663601 53 665286 53 666970 54 668655 54 670339 55 672024 55 673708 56 675392 57 677077 57 678761 58 680445 59 682129 60 683793 2 683814 60 685477 5 685498 61 687162 5 687182 62 688847 4 688867 62 690532 4 690551 63 692216 5 692235 64 693901 5 693920 64 695586 5 695604 66 697270 5 697288 67 698955 5 698973 67 700640 5 700657 68 702324 6 702341 69 704009 6 704025 70 705694 5 705710 70 707378 6 707394 71 709063 6 709078 72 710748 6 710763 72 712432 7 712447 73 714117 6 714131 74 715802 6 715816 74 717486 7 717500 75 719171 7 719184 76 720847 1 720856 7 720868 77 722531 5 722540 7 722553 77 724215 9 724225 7 724237 78 725900 17 725921 79 727584 18 727605 80 729269 18 729289 80 730955 16 730973 81 732640 16 732657 82 734326 98 736012 97 737697 97 739383 96 741068 96 742754 95 744439 95 746125 94 747811 93 749496 93 751181 93 752867 91 754552 91 756237 91 757923 90 759608 90 761293 90 762979 89 764664 89 766349 89 768035 88 769720 88 771405 88 773091 87 774776 87 776461 86 778147 85 779832 85 781517 85 783203 84 784888 84 786573 84 788259 83 789944 83 791629 83 793314 83 794999 83 796684 83 798369 83 800054 82 801739 82 803424 82 805109 82 806794 82 808479 82 810165 81 811850 81 813535 81 815220 81 816905 81 818590 81 820275 81 821960 81 823645 80 825330 80 827015 80 828700 80 830385 80 832070 80 833755 80 835440 80 837125 80 838810 80 840495 80 842180 80 843865 80 845550 80 847235 79 848921 78 850606 78 852291 78 853976 78 855661 78 857346 78 859031 78 860716 78 862401 78 864086 77 865771 77 867456 77 869140 78 870825 78 872510 78 874194 79 875879 78 877564 78 879248 79 880944 68 882632 65 884320 62 886008 59 887696 55 889383 53 891073 48 892764 42 894456 32 896147 19 897839 6,1685,1123,23
5843,0461935888bad18244f11e67e7d3b417.jpg,980274 1 981958 4 983642 7 985326 10 987011 13 988695 16 988715 4 990379 27 992064 29 993748 32 995432 35 997116 38 998801 40 1000485 43 1002169 46 1003854 48 1005538 51 1007222 54 1008907 56 1010591 59 1010736 2 1012275 62 1012417 7 1013959 66 1014099 11 1015644 69 1015780 16 1017328 73 1017461 21 1019012 78 1019142 26 1020696 82 1020823 31 1022380 86 1022504 36 1024064 91 1024186 40 1025748 95 1025867 45 1027431 166 1029115 168 1030799 169 1032483 171 1034166 173 1035850 175 1037534 175 1039218 175 1040901 177 1042585 177 1044269 177 1045953 177 1047636 178 1049320 178 1051004 178 1052688 178 1054371 179 1056055 179 1057739 179 1059423 179 1061107 179 1062791 179 1064476 178 1066161 177 1067845 177 1069530 176 1071215 175 1072899 175 1074584 174 1076269 172 1077954 170 1079639 168 1081324 166 1083009 164 1084694 162 1086379 160 1088065 157 1089750 155 1091435 153 1093120 151 1094805 149 1096490 147 1098175 145 1099860 143 1101546 140 1103231 138 1104917 134 1106602 131 1108287 128 1109973 124 1111658 121 1113343 118 1115029 114 1116714 111 1118399 107 1120085 103 1121770 100 1123455 97 1125141 93 1126826 90 1128511 87 1130197 83 1131882 80 1133567 76 1135253 72 1136938 69 1138623 66 1140309 62 1141994 58 1143679 55 1145365 51 1147050 48 1148735 45 1150421 40 1152106 37 1153791 34 1155477 30 1157163 26 1158849 21 1160536 16 1162222 12 1163909 7 1165595 3,1685,1123,23
5844,0461935888bad18244f11e67e7d3b417.jpg,599196 20 600864 51 602533 68 604201 87 605872 102 607545 115 609218 129 610891 142 612564 156 614237 169 615911 181 617584 194 619257 207 620930 219 622607 228 624287 234 625968 239 627648 244 629329 249 631009 255 632690 260 634370 265 636051 270 637731 276 639412 281 641092 286 642773 291 644453 297 646133 302 647811 310 649490 317 651155 1 651171 322 652839 4 652853 325 654524 5 654536 328 656208 8 656218 332 657837 5 657893 343 659520 12 659553 2 659569 4 659577 344 661203 16 661236 7 661254 353 662887 19 662919 12 662938 355 664570 23 664602 17 664623 355 666254 26 666286 20 666308 356 667939 28 667969 381 669625 411 671310 411 672995 412 674680 413 676365 414 678051 414 679736 415 681421 417 683106 418 684791 419 686477 418 688162 417 689847 417 691532 417 693218 416 694903 417 696588 418 698273 420 699958 421 701644 421 703329 422 705014 423 706699 424 708384 425 710070 425 711755 426 713440 427 715125 428 716811 428 718496 429 720181 430 721866 431 723551 432 725237 432 726922 433 728607 434 730292 435 731977 436 733663 436 735348 437 737033 438 738718 439 740403 440 741067 1 742088 441 742549 2 742750 4 743773 445 744231 6 744432 7 745458 452 745914 9 746115 10 747143 466 747797 14 748828 472 749478 18 750513 482 751159 22 752199 491 752836 31 753884 501 754509 43 755569 510 756187 50 757254 520 757871 52 758939 530 759555 53 760624 540 761199 5 761239 54 762309 550 762882 8 762902 17 762923 56 763994 560 764565 11 764584 21 764606 58 765679 582 766267 82 767364 583 767950 85 769049 584 769634 86 770734 671 772419 672 774104 672 775789 672 777474 673 779159 673 780844 673 782530 673 784215 673 785900 673 787585 674 789270 674 790955 674 792640 674 794325 674 796010 674 797695 674 799380 674 801065 674 802750 674 804435 674 806120 674 807805 674 809490 675 811175 675 812860 675 814546 674 816231 674 817916 674 819601 674 821286 674 822971 674 824656 674 826341 674 828026 674 829711 674 831396 674 833081 674 834766 674 836451 674 838136 674 839821 674 841506 674 843191 674 844877 673 846562 673 848247 674 849932 367 850301 305 851617 364 851987 304 853302 361 853672 304 854987 335 855333 12 855357 8 855368 293 856672 318 856996 8 857043 2 857055 291 858357 309 858684 3 858741 290 860042 304 860428 288 861727 303 862116 285 863412 294 863708 6 863806 280 865097 292 865394 4 865494 277 866782 290 867081 1 867180 276 868467 288 868866 275 870152 286 870553 272 871837 283 872239 271 873522 281 873925 269 875208 278 875612 267 876893 276 877298 266 878578 274 878984 264 880263 272 880671 256 881948 270 882357 244 883633 268 884043 232 885318 265 885730 195 885938 11 887003 261 887416 177 888688 257 889102 115 890373 253 890789 114 892058 249 892475 114 893743 245 894161 113 895428 241 895848 112 897113 237 897534 112 898798 234 899220 112 900483 230 900907 114 902168 226 902593 118 903853 222 904279 119 905539 217 905966 118 907224 213 907652 118 908909 209 909338 118 910594 205 911025 117 912279 201 912711 117 913964 197 914397 117 915649 193 916084 116 917334 189 917770 116 919019 185 919456 116 920704 181 921143 115 922389 178 922829 115 924074 174 924515 122 925759 170 926201 122 927444 166 927888 121 929129 162 929574 122 930814 158 931260 122 932499 154 932947 121 934184 150 934633 121 935869 146 936319 122 937554 142 938006 121 939239 140 939692 121 940924 139 941378 122 942609 139 943065 121 944293 139 944751 121 945978 131 946110 7 946437 122 947663 130 947797 5 948124 121 949348 130 949485 1 949810 121 951033 130 951496 122 952718 129 953183 121 954403 123 954869 121 956088 122 956555 122 957773 122 958241 122 959458 121 959928 121 961143 121 961614 122 962828 121 963300 122 964513 120 964987 121 966198 118 966673 121 967883 115 968359 120 969568 112 970046 118 971254 109 971732 117 972939 107 973418 116 974625 104 975105 114 976310 102 976791 113 977996 99 978477 112 979681 97 980164 110 981367 94 981851 108 983055 89 983538 105 984746 81 985226 101 986437 71 986913 98 988130 57 988600 96 989825 41 990287 93 991521 24 991974 90 993216 8 993662 87 995349 84 997035 82 998720 81 1000405 81 1002090 80 1003776 78 1005461 78 1007146 77 1008832 75 1010520 72 1012208 68 1013894 66 1015580 64 1017266 63 1018952 61 1020638 59 1022324 57 1024010 55 1025696 53 1027382 50 1029068 48 1030754 46 1032440 43 1034126 41 1035812 39 1037498 37 1039184 34 1040870 32 1042556 30 1044242 27 1045928 25 1047614 23 1049300 20 1050986 18 1052672 16 1054358 13 1056044 11 1057730 9 1059416 7 1061102 5 1062788 3 1064474 1,1685,1123,6
5845,0461935888bad18244f11e67e7d3b417.jpg,934184 28 935869 63 937554 82 939239 83 940924 84 942609 86 944294 87 945979 88 947664 90 949349 91 951033 93 952718 95 954403 96 956088 97 957773 99 959458 101 961143 103 962828 105 964513 108 966198 110 967883 112 969568 112 971254 109 972939 107 974625 104 976310 102 977996 99 979681 97 981367 94 983055 89 984746 81 986437 71 988130 57 989825 41 991521 24 993216 8,1685,1123,32
5846,0461935888bad18244f11e67e7d3b417.jpg,841509 5 843193 7 844878 8 846562 10 848247 9 849933 7 851619 5 853305 2,1685,1123,42
5847,0461935888bad18244f11e67e7d3b417.jpg,780848 1 782532 2 784216 3 785900 5 787585 5 789270 5 790955 5 792640 5 794325 5 796010 6 797695 6 799380 6 801065 6 802750 6 804435 6 806121 6 807806 6 809491 6 811176 6 812861 6 814546 6 816231 7 817916 7 819601 7 821286 7 822971 7 824656 7 826341 8 828026 8 829711 8 831396 8 833081 8 834766 8 836451 8 838136 8 839821 9 841506 9 843191 9 844877 8 846562 8 848247 8 849932 8 851617 8 853302 8 854987 9 856672 9 858357 9 860042 9 861727 9,1685,1123,32
5848,0461935888bad18244f11e67e7d3b417.jpg,163723 8 165399 19 167081 24 168762 29 170444 33 172126 37 173809 39 175493 41 177176 43 178860 45 180546 45 182231 45 183916 45 185602 44 187287 45 188973 44 190658 44 192343 44 194029 43 195714 44 197399 44 199085 43 200770 43 202455 43 204141 43 205826 43 207511 43 209196 43 210882 42 212567 43 214252 43 215937 43 217623 49 219308 62 220993 70 222679 70 224364 71 226048 73 227731 76 229415 79 231099 81 232783 83 234468 84 236153 85 237837 86 239522 87 241206 88 242891 88 244576 88 246260 89 247945 90 249630 90 251316 89 253001 89 254686 89 256372 89 258057 89 259742 89 261427 89 263113 89 264798 89 266483 89 268169 88 269854 88 271539 89 273224 89 274910 88 276595 88 278280 89 279966 88 281651 88 283336 88 285022 87 286708 87 288393 87 290079 86 291765 85 293450 85 295136 84 296822 83 298508 82 300193 83 301879 82 303565 81 305258 73 306943 73 308629 72 310314 72 311999 73 313684 74 315370 73 317055 74 318740 75 320425 76 322110 76 323796 76 325481 77 327166 77 328851 78 330537 78 332222 79 333907 79 335592 80 337277 81 338962 81 340647 82 342333 82 344018 82 345703 83 347388 84 349073 85 350758 85 352443 86 354128 87 355813 87 357499 87 359184 88 360869 89 362554 89 364239 90 365924 91 367609 91 369294 92 370979 93 372665 93 374350 93 376035 93 377720 94 379405 94 381090 94 382777 92 384463 91 386149 91 387835 90 389521 89 391206 89 392891 90 394576 90 396260 91 397945 91 399630 92 401315 92 403000 92 404685 92 406370 92 408056 92 409741 92 411426 92 413112 91 414797 92 416482 92 418168 91 419853 91 421538 92 423223 92 424909 91 426594 91 428279 91 429965 91 431650 91 433335 91 435021 90 436706 91 438391 91 440076 91 441761 91 443446 91 445130 93 446815 93 448500 93 450185 93 451870 94 453555 94 455240 94 456925 94 458609 96 460294 96 461979 96 463664 96 465349 96 467035 96 468721 95 470407 94 472093 93 473779 93 475464 93 477149 93 478835 92 480520 93 482205 93 483890 93 485575 93 487261 92 488946 93 490631 93 492316 93 494002 92 495687 93 497372 93 499059 91 500745 90 502431 89 504117 89 505803 88 507488 88 509172 89 510856 91 512540 92 514224 93 515908 94 517593 95 519278 95 520963 95 522648 95 524334 94 526019 95 527704 95 529390 94 531076 93 532763 92 534450 90 536137 88 537823 87 539508 88 541193 88 542878 88 544563 88 546248 88 547933 89 549618 89 551304 88 552989 88 554674 89 556359 89 558044 89 559729 89 561414 90 563099 90 564784 90 566469 90 568154 90 569839 91 571524 91 573209 91 574894 91 576579 92 578265 91 579950 91 581635 91 583320 91 585005 92 586690 92 588375 92 590060 92 591745 93 593430 93 595115 93 596800 94 598485 94 600170 94 601855 95 603540 95 605226 95 606911 95 608596 95 610281 96 611966 96 613651 97 615336 97 617021 97 618706 98 620390 99 622074 101 623758 102 625442 103 627127 104 628811 105 630495 107 632179 108 633864 108 635548 110 637232 111 638916 113 639241 8 640601 113 640924 12 642286 113 642606 17 643971 114 644289 20 645655 115 645972 23 647340 115 647654 26 649025 116 649336 30 650710 116 651019 32 652395 116 652701 36 654080 116 654383 39 655764 117 656066 42 657449 118 657748 45 659134 118 659430 49 660819 118 661113 51 662505 118 662795 55 662879 4 664190 119 664477 59 664557 12 665876 119 666158 63 666234 20 667561 120 667839 68 667911 28 669247 120 669520 105 670932 121 671201 109 672618 121 672881 114 674303 125 674562 118 675988 132 676243 122 677673 138 677924 127 679358 145 679605 131 681043 159 681286 135 682728 180 682967 139 684412 379 686097 380 687782 380 689467 380 691152 380 692837 381 694522 381 696207 381 697892 381 699577 381 701262 382 702947 382 704632 382 706316 383 708001 383 709686 384 711371 384 713056 384 714741 384 716426 385 718111 385 719796 385 721481 385 723166 385 724851 386 726535 387 728220 387 729905 387 731590 387 733275 388 734960 388 736645 388 738330 388 740015 388 741700 388 743385 388 745070 388 746755 388 748439 389 750124 389 751809 390 753494 390 755179 390 756864 390 758549 390 760236 41 760279 345 761925 33 761964 345 763613 27 763649 345 765302 19 765334 345 766991 11 767019 345 768680 4 768703 346 770388 346 772073 346 773758 346 775443 346 777128 346 778813 346 780498 346 782183 346 783868 347 785553 347 787237 348 788922 348 790607 348 792292 348 793977 348 795662 348 797346 349 799030 350 800715 350 802399 351 804083 352 805768 352 807452 353 809137 353 810821 354 812505 355 814190 355 815874 357 817558 358 819243 358 820927 359 822611 360 824296 360 825980 361 827665 361 829349 362 831033 363 832717 364 834401 365 836084 367 837767 369 839451 370 841134 372 842818 373 844501 375 846185 376 847868 379 849552 380 851235 382 852918 384 854601 386 856284 388 857968 389 859652 390 861336 391 863020 392 864705 392 866389 393 868073 394 869757 395 871442 395 873126 396 874810 397 876495 397 878179 399 879864 399 881548 400 883233 8 883246 387 884918 4 884935 383 886602 2 886621 382 888307 381 889993 380 891679 379 893365 378 895051 377 896737 376 898423 375 900108 375 901794 374 903479 374 905165 373 906850 374 908536 373 910222 372 911907 372 913593 371 915278 371 916963 371 918648 371 920333 371 922018 371 923704 370 925389 370 927074 370 928759 370 930444 370 932129 370 933814 370 935499 370 937184 370 938869 370 940554 370 942240 369 943925 368 945610 368 947295 368 948980 368 950665 368 952350 368 954035 368 955720 368 957405 368 959090 368 960775 368 962459 369 964144 369 965829 369 967514 369 969199 369 970884 370 972569 299 972870 25 972897 42 974254 298 974556 24 974585 30 974617 8 975939 298 976242 22 976273 26 976303 7 977624 297 977928 21 977961 22 977989 7 979309 296 979614 20 979650 17 979676 5 980994 295 981300 18 981338 13 981362 5 982679 292 982987 16 983026 9 983048 2 984364 289 984675 12 986049 287 986362 7 987733 264 988002 16 988050 2 989418 259 991103 255 992788 252 994473 252 996158 251 997843 250 999528 249 1001214 247 1002901 244 1004588 241 1006275 238 1007962 235 1009648 233 1011333 232 1013018 231 1014703 230 1016388 229 1018072 228 1019756 228 1021440 227 1023124 226 1024807 226 1026491 226 1028174 226 1029858 225 1031542 225 1033227 223 1034911 222 1036596 220 1038281 219 1039966 217 1041650 216 1043335 214 1045020 213 1046705 211 1048389 211 1050074 210 1051759 208 1053444 207 1055129 206 1056813 206 1058498 204 1060183 203 1061868 202 1063552 202 1065237 200 1066922 199 1068607 198 1070293 196 1071978 194 1073663 193 1075348 191 1077033 190 1078719 188 1080404 187 1082089 188 1083774 189 1085459 190 1087144 191 1088830 191 1090515 191 1092200 192 1093885 193 1095571 193 1097259 191 1098947 189 1100633 188 1102318 189 1104003 190 1105689 190 1107374 191 1109059 192 1110745 192 1112431 192 1114117 192 1115803 191 1117489 191 1119175 191 1120861 191 1122547 191 1124233 191 1125919 191 1127605 191 1129290 192 1130976 192 1132661 192 1134346 193 1136031 194 1137717 194 1139402 194 1141087 195 1142772 196 1144457 197 1146144 195 1147830 195 1149516 195 1151202 194 1152888 194 1154574 194 1156260 194 1157946 193 1159632 193 1161318 193 1163004 193 1164690 192 1166376 192 1168062 192 1169748 191 1171434 191 1173121 190 1174809 188 1176497 185 1178185 183 1179881 173 1181568 172 1183254 173 1184941 172 1186628 171 1188315 170 1190002 169 1191689 168 1193375 168 1195062 167 1196749 166 1198436 165 1200122 165 1201809 164 1203496 163 1205183 162 1206869 162 1208556 161 1210243 160 1211930 159 1213616 159 1215303 158 1216990 157 1218677 156 1220363 156 1222050 155 1223737 154 1225424 153 1227110 153 1228797 152 1230484 7 1230498 137 1232184 137 1233871 136 1235557 136 1237244 135 1238931 134 1240618 133 1242305 133 1243992 132 1245678 132 1247365 131 1249052 130 1250739 129 1252426 128 1254113 127 1255800 126 1257487 125 1259174 124 1260861 123 1262548 122 1264235 121 1265921 121 1267608 121 1269295 120 1270982 119 1272669 118 1274356 117 1276043 116 1277730 115 1279418 113 1281106 111 1282794 109 1284481 108 1286167 108 1287853 108 1289538 109 1291224 109 1292909 111 1294595 111 1296281 111 1297967 111 1299654 110 1301342 108 1303029 107 1304716 106 1306404 104 1308090 104 1309776 104 1311461 105 1313147 105 1314832 106 1316517 107 1318203 108 1319888 109 1321574 109 1323259 110 1324945 110 1326630 111 1328316 111 1330001 112 1331687 112 1333372 113 1335058 113 1336743 114 1338428 115 1340114 115 1341799 116 1343485 116 1345170 117 1346856 116 1348541 117 1350227 117 1351912 117 1353598 117 1355284 117 1356969 117 1358655 117 1360340 118 1362026 117 1363712 117 1365397 118 1367083 117 1368768 118 1370454 118 1372140 117 1373825 118 1375511 118 1377196 118 1378882 118 1380567 119 1382253 118 1383939 118 1385624 119 1387311 118 1388997 117 1390683 117 1392369 117 1394055 116 1395742 115 1397428 115 1399114 114 1400800 114 1402486 114 1404172 113 1405859 112 1407545 111 1409231 110 1410917 110 1412603 109 1414290 108 1415976 107 1417662 107 1419348 106 1421034 105 1422720 105 1424407 103 1426093 103 1427779 102 1429465 102 1431151 101 1432838 100 1434524 99 1436210 98 1437896 98 1439582 97 1441268 97 1442954 96 1444640 96 1446326 95 1448012 94 1449697 95 1451383 94 1453069 94 1454755 93 1456441 93 1458126 93 1459812 92 1461498 92 1463184 91 1464870 91 1466555 91 1468241 91 1469927 90 1471613 89 1473299 89 1474984 89 1476669 90 1478355 89 1480040 89 1481725 90 1483410 90 1485096 90 1486781 90 1488466 90 1490151 91 1491837 90 1493522 90 1495207 91 1496892 91 1498578 90 1500263 91 1501948 91 1503633 91 1505319 91 1507004 91 1508689 91 1510375 91 1512061 90 1513747 90 1515433 89 1517119 88 1518805 88 1520491 87 1522177 86 1523862 87 1525548 86 1527234 85 1528919 86 1530605 85 1532291 84 1533976 85 1535662 84 1537347 84 1539032 84 1540717 84 1542402 84 1544087 84 1545772 84 1547457 84 1549142 84 1550828 82 1552514 81 1554201 79 1555887 78 1557572 78 1559256 79 1560941 79 1562626 79 1564311 79 1565996 79 1567680 79 1569365 78 1571051 77 1572737 75 1574424 72 1576110 68 1577796 65 1579481 66 1581167 65 1582853 65 1584538 66 1586224 65 1587910 65 1589595 65 1591281 65 1592966 66 1594652 66 1596338 66 1598032 58 1599718 58 1601404 58 1603090 58 1604776 58 1606460 60 1608145 60 1609830 61 1611514 63 1613199 63 1614885 62 1616571 62 1618257 26 1618296 22 1619942 24 1619987 16 1621627 22 1621675 14 1623311 20 1623361 13 1624996 18 1625047 12 1626681 16 1626733 11 1628366 14 1628419 10 1630051 13 1630105 9 1631736 12 1631791 8 1633421 11 1633477 7 1635105 11 1635162 4 1636790 10 1638475 10 1640160 10 1641845 10 1643531 9 1645217 9 1646903 8 1648588 8 1650274 7 1651960 6 1653646 5 1655332 5 1657018 4 1658705 2 1660392 1,1685,1123,1
5849,0461935888bad18244f11e67e7d3b417.jpg,163723 8 165399 19 167081 24 168762 29 170444 33 172126 37 173809 39 175493 41 177176 43 178860 45 180546 45 182231 45 183916 45 185602 44 187287 45 188973 44 190658 44 192343 44 194029 43 195714 44 197399 44 199085 43 200770 43 202455 43 204140 44 205826 43 207511 43 209196 43 210881 43 212567 43 214252 43 215937 43 217623 49 219308 62 220993 70 222678 71 224364 71 226049 72 227733 74 229415 79 231099 81 232783 83 234468 84 236153 85 237837 86 239522 87 241207 87 242891 88 244576 88 246261 88 247945 90 249630 90 251315 90 253001 89 254686 89 256371 90 258057 89 259742 89 261427 89 263113 89 264798 89 266483 89 268168 89 269854 88 271539 89 273224 89 274910 88 276595 88 278280 89 279966 88 281651 88 283336 88 285022 87 286708 87 288393 87 290079 86 291765 85 293450 85 295136 84 296822 83 298508 82 300193 83 301879 82 303565 81 305258 73 306943 73 308629 72 310314 72 311999 73 313684 74 315370 73 317055 74 318740 75 320425 76 322110 76 323796 76 325481 77 327166 77 328851 78 330537 78 332222 79 333907 79 335592 80 337277 81 338962 81 340647 82 342333 82 344018 82 345703 83 347388 84 349073 85 350758 85 352443 86 354128 87 355813 87 357499 87 359184 88 360869 89 362554 89 364239 90 365924 91 367609 91 369294 92 370979 93 372665 93 374350 93 376035 93 377720 94 379405 94 381090 94 382777 92 384463 91 386149 91 387835 90 389521 89 391206 89 392891 90 394576 90 396260 91 397945 91 399630 92 401315 92 403000 92 404685 92 406370 92 408056 92 409741 92 411426 92 413112 91 414797 92 416482 92 418168 91 419853 91 421538 92 423223 92 424909 91 426594 91 428279 91 429965 91 431650 91 433335 91 435021 90 436706 91 438391 91 440076 91 441761 91 443446 91 445130 93 446815 93 448500 93 450185 93 451870 94 453555 94 455240 94 456925 94 458609 96 460294 96 461979 96 463664 96 465349 96 467035 96 468721 95 470407 94 472093 93 473779 93 475464 93 477149 93 478835 92 480520 93 482205 93 483890 93 485575 93 487261 92 488946 93 490631 93 492316 93 494002 92 495687 93 497372 93 499059 91 500745 90 502431 89 504117 89 505803 88 507488 88 509172 89 510856 91 512540 92 514224 93 515908 94 517593 95 519278 95 520963 95 522648 95 524334 94 526019 95 527704 95 529390 94 531076 93 532763 92 534450 90 536137 88 537823 87 539508 88 541193 88 542878 88 544563 88 546248 88 547933 89 549618 89 551304 88 552989 88 554674 89 556359 89 558044 89 559729 89 561414 90 563099 90 564784 90 566469 90 568154 90 569839 91 571524 91 573209 91 574894 91 576579 92 578265 91 579950 91 581635 91 583320 91 585005 92 586690 92 588375 92 590060 92 591745 93 593430 93 595115 93 596800 94 598485 94 600170 94 601855 95 603540 95 605226 95 606911 95 608596 95 610281 96 611966 96 613651 97 615336 97 617021 97 618706 98 620390 99 622074 101 623758 102 625442 103 627127 104 628811 105 630495 107 632179 108 633864 108 635548 110 637232 111 638916 113 640601 113 642286 113 643971 114 645655 115 647340 115 649025 116 650710 116 652395 116 654080 116 655764 117 657449 118 659134 118 660819 118 662505 118 664190 119 665876 118 667561 116 669247 113 670932 111 672618 109 674303 107 675988 105 677673 103 679358 101 681043 100 682728 98 684412 98 686097 96 687782 94 689467 93 691152 91 692837 89 694522 88 696207 86 697892 84 699577 83 701262 81 702947 80 704632 78 706316 77 708001 76 709686 74 711371 72 713056 71 714741 69 716426 68 718111 67 719796 66 721481 65 723166 64 724851 63 726535 63 728220 62 729905 61 731590 60 733275 59 734960 58 736645 57 738330 56 740015 55 741700 54 743385 53 745070 52 746755 51 748439 51 750124 50 751809 49 753494 48 755179 47 756864 46 758549 45 760236 41 761925 33 763613 27 765302 19 766991 11 768680 4,1685,1123,31
5850,0461935888bad18244f11e67e7d3b417.jpg,1051854 5 1053537 14 1055219 23 1056901 33 1058583 43 1060265 52 1061947 62 1063629 72 1065311 81 1066994 90 1068676 100 1070358 107 1072040 113 1073722 119 1075404 125 1077086 131 1078768 136 1080451 140 1082133 144 1083815 148 1085497 152 1087179 156 1088861 160 1090543 163 1092226 166 1093909 169 1095592 172 1097276 174 1098959 177 1100642 179 1102325 182 1104008 185 1105692 187 1107375 190 1109059 192 1110745 192 1112431 192 1114117 192 1115803 191 1117489 191 1119175 191 1120861 191 1122547 191 1124233 191 1125919 191 1127605 191 1129290 192 1130976 192 1132661 192 1134346 193 1136031 194 1137717 194 1139402 194 1141087 195 1142772 196 1144457 197 1146144 195 1147830 195 1149516 195 1151202 194 1152888 194 1154574 194 1156260 194 1157946 193 1159632 193 1161318 193 1163004 193 1164690 192 1166376 192 1168062 192 1169748 191 1171434 191 1173121 190 1174809 188 1176497 185 1178185 183 1179881 173 1181568 172 1183254 173 1184941 172 1186628 171 1188315 170 1190002 169 1191689 168 1193375 168 1195062 167 1196749 166 1198436 165 1200122 165 1201809 164 1203496 163 1205183 162 1206869 162 1208556 161 1210243 160 1211930 159 1213616 159 1215303 158 1216990 157 1218677 156 1220363 156 1222050 155 1223737 154 1225424 153 1227110 153 1228797 152 1230484 7 1230498 137 1232184 137 1233871 136 1235557 136 1237244 135 1238931 134 1240618 133 1242305 133 1243992 132 1245678 132 1247365 131 1249052 130 1250739 129 1252426 128 1254113 127 1255800 126 1257487 125 1259174 124 1260861 123 1262548 122 1264235 121 1265921 121 1267608 121 1269295 120 1270982 119 1272669 118 1274356 117 1276043 116 1277730 115 1279418 113 1281106 111 1282794 109 1284481 108 1286167 108 1287853 108 1289538 109 1291224 109 1292909 110 1294595 111 1296281 111 1297967 111 1299654 110 1301342 108 1303029 107 1304716 106 1306404 104 1308090 104 1309776 104 1311461 105 1313147 105 1314832 106 1316517 107 1318203 107 1319888 108 1321574 108 1323259 109 1324945 109 1326630 110 1328316 110 1330001 111 1331687 111 1333372 112 1335058 112 1336743 113 1338428 114 1340114 114 1341799 115 1343485 115 1345170 116 1346856 115 1348541 116 1350227 116 1351912 116 1353598 116 1355284 116 1356969 117 1358655 116 1360340 117 1362026 117 1363712 116 1365397 117 1367083 117 1368768 118 1370454 117 1372140 117 1373825 118 1375511 117 1377196 118 1378882 118 1380567 118 1382253 118 1383939 118 1385624 119 1387311 117 1388997 117 1390683 117 1392369 116 1394055 116 1395742 115 1397428 114 1399114 114 1400800 114 1402486 114 1404172 113 1405859 112 1407545 111 1409231 110 1410917 110 1412603 109 1414290 108 1415976 107 1417662 107 1419348 106 1421034 105 1422720 105 1424407 103 1426093 103 1427779 102 1429465 102 1431151 101 1432838 100 1434524 99 1436210 98 1437896 98 1439582 97 1441268 97 1442954 96 1444640 96 1446326 95 1448012 94 1449697 95 1451383 94 1453069 94 1454755 93 1456441 93 1458126 93 1459812 92 1461498 92 1463184 91 1464870 91 1466555 91 1468241 91 1469927 90 1471613 89 1473299 89 1474984 89 1476669 90 1478355 89 1480040 89 1481725 90 1483410 90 1485096 90 1486781 90 1488466 90 1490151 91 1491837 90 1493522 90 1495207 91 1496892 91 1498578 90 1500263 91 1501948 91 1503633 91 1505319 91 1507004 91 1508689 91 1510375 91 1512061 90 1513747 90 1515433 89 1517119 88 1518805 88 1520491 87 1522177 86 1523862 87 1525548 86 1527234 85 1528919 86 1530605 85 1532291 84 1533976 85 1535662 84 1537347 84 1539032 84 1540717 84 1542402 84 1544087 84 1545772 84 1547457 84 1549142 84 1550828 82 1552514 81 1554201 79 1555887 78 1557572 78 1559256 79 1560941 79 1562626 79 1564311 79 1565996 79 1567680 79 1569365 78 1571051 77 1572737 75 1574424 72 1576110 68 1577796 65 1579481 66 1581167 65 1582853 65 1584538 66 1586224 65 1587910 65 1589595 65 1591281 65 1592966 66 1594652 66 1596338 66 1598032 58 1599718 58 1601404 58 1603090 58 1604776 58 1606460 60 1608145 61 1609830 61 1611514 63 1613199 63 1614885 63 1616571 62 1618257 26 1618296 22 1619942 24 1619987 17 1621627 22 1621675 14 1623311 20 1623361 13 1624996 18 1625047 12 1626681 16 1626733 11 1628366 14 1628419 10 1630051 13 1630105 9 1631736 12 1631791 8 1633421 11 1633477 7 1635105 11 1635162 4 1636790 10 1638475 10 1640160 10 1641845 10 1643531 9 1645217 9 1646903 8 1648588 8 1650274 7 1651960 6 1653646 5 1655332 5 1657018 4 1658705 2 1660392 1,1685,1123,31
5851,0461935888bad18244f11e67e7d3b417.jpg,868083 3 869765 7 871447 12 873129 16 874811 21 876495 23 878179 26 879864 27 881548 30 883233 8 883246 18 884918 4 884935 16 886602 2 886621 16 888307 16 889993 15 891679 14 893365 14 895051 13 896737 12 898423 11 900108 11 901794 10 903479 11 905165 10 906850 10 908536 9 910222 8 911907 8 913593 8 915278 8 916963 8 918648 8 920333 8 922018 8 923704 8 925389 8 927074 8 928759 8 930444 8 932129 8 933814 9 935499 9 937184 9 938869 9 940554 9 942240 8 943925 8 945610 8 947295 8 948980 8 950665 8 952350 8 954035 8 955720 8 957405 8 959090 8 960775 8 962459 9 964144 9 965829 9 967514 9 969199 9 970884 9 972569 9 974254 9 975939 9 977624 9 979309 9 980994 9 982679 9 984364 9 986049 9 987733 10 989418 10 991103 10 992788 10 994473 10 996158 10 997843 10 999528 10 1001214 9 1002901 7 1004588 5 1006275 3 1007962 1 1024807 1 1026491 2 1028174 4 1029858 4 1031542 5 1033227 5 1034911 6 1036596 6 1038281 5 1039966 5 1041650 6 1043335 6 1045020 6 1046705 5 1048389 6 1050074 6 1051759 6 1053444 6 1055129 5 1056813 6 1058498 6 1060183 6 1061868 6 1063552 6 1065237 6,1685,1123,33
